{
  "conjugate_root_momentum_error": 6.206335383118183e-17,
  "conjugate_root_sigma": -1.21,
  "conjugate_root_trajectory_error": 4.9065389333867974e-18,
  "crossed_rk4_momentum_error": 1.5827352724844208e-06,
  "crossed_rk4_trajectory_error": 3.957236804933291e-06,
  "crossed_work_closure_error": 6.776263578034403e-21,
  "deceleration_work": -0.0037330390481139495,
  "equilibrium_momentum_error": 5.204170427930421e-18,
  "equilibrium_trajectory_error": 6.959193003062801e-18,
  "high_gamma_phase_error": 6.333285675411138e-15,
  "high_gamma_relative_energy_drift": 0.0,
  "legacy_ipm_independence_max_error": 0.0,
  "live_grid_isolation_max_error": 0.0,
  "magnetic_energy_error": 5.898059818321144e-17,
  "magnetic_phase_error": 1.1196392133608346e-05,
  "magnetic_reversibility_momentum_error": 0.0,
  "magnetic_rk4_momentum_error": 2.2854539740612025e-06,
  "magnetic_rk4_trajectory_error": 6.077739643574062e-06,
  "negative_alpha_mirror_error": 0.0,
  "nonunit_cmodel_magnetic_rk4_momentum_error": 4.500338307477584e-06,
  "nonunit_cmodel_magnetic_rk4_trajectory_error": 1.1938545185387808e-05,
  "nonunit_cmodel_momentum_error": 0.0,
  "nonunit_cmodel_trajectory_error": 1.3487860232282503e-06,
  "nonunit_cmodel_work_closure_error": 2.168404344971009e-19,
  "production_convergence_finest_error": 3.0348881119180437e-07,
  "production_convergence_finest_momentum_error": 8.374075904576419e-08,
  "production_convergence_finest_trajectory_error": 2.197480521460402e-07,
  "production_convergence_momentum_slope": 1.9996438770417075,
  "production_convergence_slope": 1.9996235673293787,
  "production_convergence_trajectory_slope": 1.9996158275550453,
  "production_failure_probe_count": 4,
  "production_gamma_reconstruction_max_error": 1.1368683772161603e-13,
  "production_velocity_shadow_max_error": 3.1031676915590914e-17,
  "pure_e_momentum_error": 0.0,
  "pure_e_trajectory_error": 5.380625390137388e-06,
  "pure_e_work_closure_error": 2.168404344971009e-19,
  "zero_field_momentum_error": 0.0,
  "zero_field_trajectory_error": 7.949501638480627e-18
}
