{
  "acceleration_work_closure_error": 1.6940658945086007e-21,
  "alternate_runtime_prepush_poison_error": 0.0,
  "deceleration_work": -0.0009686902980832624,
  "deceleration_work_closure_error": 6.071532165918825e-17,
  "final_live_ce_dot_b_error": 3.701899897734507e-19,
  "fluid_velocity_cancellation_momentum_error": 2.7755575615628914e-17,
  "fluid_velocity_cancellation_trajectory_error": 3.602423855278284e-18,
  "frozen_tn_temporal_convergence_slope": 0.9872005890039331,
  "frozen_tn_temporal_finest_error": 4.726247195889718e-06,
  "ideal_ce_dot_b_error": 0.0,
  "ideal_ce_sign_error": 4.163336342344337e-17,
  "manufactured_live_state_evolution_sentinel": 0.010770793842609745,
  "manufactured_multicycle_work_closure_error": 1.4405658740543337e-16,
  "manufactured_one_step_live_right_end_ce_error": 1.0842021724855044e-19,
  "manufactured_one_step_tn_momentum_error": 0.0,
  "manufactured_one_step_tn_sampled_ce_error": 2.4747374745180785e-18,
  "manufactured_one_step_tn_vs_right_end_separation": 0.0035902646142032483,
  "manufactured_stale_t0_discriminator": 0.0007971436690607983,
  "manufactured_temporal_convergence_slope": 0.9902663432088565,
  "manufactured_temporal_finest_error": 1.0848032296554225e-05,
  "midpoint_live_sampling_field_error": 3.469446951953614e-17,
  "midpoint_live_sampling_momentum_error": 0.0,
  "midpoint_old_position_separation": 0.003922322702763681,
  "prescribed_coupled_parity_max_error": 0.0,
  "production_failure_probe_count": 5,
  "production_gamma_reconstruction_max_error": 2.220446049250313e-16,
  "production_velocity_shadow_max_error": 6.245004513516506e-17,
  "runtime_prepush_poison_error": 0.0,
  "stale_field_poison_overwrite_max_error": 0.0,
  "stale_field_poison_sentinel_separation": 38.86497652128456,
  "uniform_live_field_momentum_error": 1.7348425858958406e-18,
  "uniform_live_field_trajectory_error": 4.065978722333991e-20
}
