time_Myr,mass_code,mass_g,mass_Msun
0.0000000000000000e+00,2.6342428390681744e+02,1.2945094600444477e+34,6.5100778993117707e+00
5.0745259545455721e-05,2.6342428249865770e+02,1.2945094531245234e+34,6.5100778645115263e+00
1.0020186145983837e-04,2.6342427807301283e+02,1.2945094313761900e+34,6.5100777551393287e+00
1.5116224775400190e-04,2.6342427143454552e+02,1.2945093987536899e+34,6.5100775910810320e+00
1.5377632373322493e-04,2.6342427163571119e+02,1.2945093997422505e+34,6.5100775960524953e+00
